window,threshold,manoeuvres,observable,tp,fn,fp,duplicates,recall,precision,f1,dv_abs_err_median_mm_s,dv_rel_err_median,delay_median_h
2,2.0,291,291,111,180,697,5,0.38144329896907214,0.1373762376237624,0.20200181983621474,51.84011911282438,0.6039190383553923,3.291965277777778
2,2.5,291,291,91,200,3,2,0.3127147766323024,0.9680851063829787,0.47272727272727266,53.180027339426616,0.6078018516553827,3.2932369444444447
2,3.0,291,291,74,217,0,6,0.2542955326460481,1.0,0.4054794520547945,54.51150489379641,0.6156120558734516,4.112992361111111
2,3.5,291,291,62,229,0,6,0.21305841924398625,1.0,0.3512747875354108,55.36682856730874,0.6212696730343628,4.44437763888889
2,4.0,291,291,55,236,0,11,0.18900343642611683,1.0,0.3179190751445087,55.89513075483534,0.6251169520956802,4.499835
2,4.5,291,291,51,240,0,15,0.17525773195876287,1.0,0.2982456140350877,59.94031878229799,0.6228223629166016,4.939640555555555
2,5.0,291,291,43,248,0,12,0.14776632302405499,1.0,0.2574850299401198,78.76134467506928,0.6162832735789104,6.108180555555556
2,5.5,291,291,38,253,0,9,0.13058419243986255,1.0,0.23100303951367782,79.61002327446711,0.6153183604606436,7.4055675
2,6.0,291,291,31,260,0,8,0.10652920962199312,1.0,0.19254658385093165,80.8383173100469,0.6092495130163835,8.5068575
2,7.0,291,291,14,277,0,1,0.048109965635738834,1.0,0.09180327868852459,75.79288239229673,0.6063445921424004,6.686474583333333
2,8.0,291,291,7,284,0,1,0.024054982817869417,1.0,0.04697986577181209,75.79288239229673,0.6077922535034013,6.6164675
4,2.0,291,291,117,174,131,0,0.4020618556701031,0.4717741935483871,0.43413729128014844,2.2762327413917136,0.39008865543184856,4.370737500000001
4,2.5,291,291,108,183,29,0,0.3711340206185567,0.7883211678832117,0.5046728971962617,5.778899045218338,0.4011264922890396,4.935549166666666
4,3.0,291,291,94,197,8,0,0.3230240549828179,0.9215686274509803,0.47837150127226463,32.635129585431315,0.4011264922890396,5.013259305555555
4,3.5,291,291,83,208,3,0,0.2852233676975945,0.9651162790697675,0.4403183023872679,33.97923776612212,0.40913220713811854,5.760637777777777
4,4.0,291,291,73,218,2,0,0.2508591065292096,0.9733333333333334,0.3989071038251366,36.27541658576941,0.41404957747079274,6.028679166666667
4,4.5,291,291,69,222,2,1,0.23711340206185566,0.971830985915493,0.38121546961325964,37.41595518098526,0.41421839620211953,6.577766944444444
4,5.0,291,291,62,229,2,0,0.21305841924398625,0.96875,0.34929577464788736,38.493304782973695,0.42258917974353594,6.578615277777779
4,5.5,291,291,57,234,2,0,0.1958762886597938,0.9661016949152542,0.32571428571428573,39.677224831330356,0.4245093509743653,6.756481666666667
4,6.0,291,291,55,236,1,0,0.18900343642611683,0.9821428571428571,0.3170028818443804,39.7950869396036,0.42452773074060346,7.401533055555555
4,7.0,291,291,48,243,1,0,0.16494845360824742,0.9795918367346939,0.2823529411764706,41.18408847019929,0.42754585082382207,8.222109305555556
4,8.0,291,291,45,246,1,0,0.15463917525773196,0.9782608695652174,0.26706231454005935,41.005640607636245,0.42454611050684155,8.228688055555555
6,2.0,291,291,170,121,548,0,0.584192439862543,0.23676880222841226,0.33696729435084244,1.3830582492884531,0.2673399939075533,5.429545555555555
6,2.5,291,291,157,134,194,0,0.5395189003436426,0.4472934472934473,0.48909657320872274,1.4002453467777898,0.25997092956550955,6.536441388888888
6,3.0,291,291,137,154,22,0,0.47079037800687284,0.8616352201257862,0.6088888888888888,1.4383783031254167,0.26121796272212405,7.7237197222222225
6,3.5,291,291,109,182,12,0,0.3745704467353952,0.9008264462809917,0.5291262135922331,1.5788406884521786,0.2495457741441869,7.504832222222222
6,4.0,291,291,92,199,5,0,0.3161512027491409,0.9484536082474226,0.47422680412371127,1.4158947028764468,0.19895920883519744,7.553568194444445
6,4.5,291,291,74,217,3,0,0.2542955326460481,0.961038961038961,0.4021739130434782,1.6566154000285087,0.1706663043202269,7.841526527777777
6,5.0,291,291,68,223,3,0,0.23367697594501718,0.9577464788732394,0.37569060773480667,1.7103428392476272,0.1883654417969275,8.263453194444445
6,5.5,291,291,65,226,3,0,0.22336769759450173,0.9558823529411765,0.36211699164345407,1.7385507897363113,0.20557918484105028,8.55704388888889
6,6.0,291,291,55,236,2,0,0.18900343642611683,0.9649122807017544,0.3160919540229885,1.7783067386420115,0.19498541780278034,9.043896111111112
6,7.0,291,291,42,249,2,0,0.14432989690721648,0.9545454545454546,0.2507462686567164,1.7783067386420115,0.19498541780278034,9.411640416666668
6,8.0,291,291,32,259,0,0,0.10996563573883161,1.0,0.1981424148606811,21.669978258152494,0.25419417802850003,9.077559027777777
8,2.0,291,291,159,132,280,0,0.5463917525773195,0.3621867881548975,0.43561643835616437,0.9033618693350685,0.17546759310737808,7.019314166666667
8,2.5,291,291,139,152,54,0,0.47766323024054985,0.7202072538860104,0.5743801652892563,1.1077710058698529,0.17500244642577462,9.213157222222224
8,3.0,291,291,119,172,17,0,0.40893470790378006,0.875,0.5573770491803279,1.1412952347635381,0.171464155933778,9.610619166666666
8,3.5,291,291,90,201,14,0,0.30927835051546393,0.8653846153846154,0.45569620253164556,1.203157689929275,0.16886882403223724,9.174593055555555
8,4.0,291,291,70,221,9,0,0.24054982817869416,0.8860759493670886,0.3783783783783784,1.390881377107536,0.1616391124547341,9.14225972222222
8,4.5,291,291,63,228,5,0,0.21649484536082475,0.9264705882352942,0.350974930362117,1.3909791592881318,0.1503592314528522,9.440336111111112
8,5.0,291,291,53,238,3,0,0.18213058419243985,0.9464285714285714,0.30547550432276654,1.3907835949269398,0.1260460031381177,9.534383611111112
8,5.5,291,291,48,243,3,0,0.16494845360824742,0.9411764705882353,0.2807017543859649,1.3909791592881318,0.12479568636462644,10.927221944444444
8,6.0,291,291,43,248,2,0,0.14776632302405499,0.9555555555555556,0.25595238095238093,1.390881377107536,0.12406872814955205,11.039358333333334
8,7.0,291,291,32,259,2,0,0.10996563573883161,0.9411764705882353,0.1969230769230769,1.4259458645118415,0.11892176874908916,10.962746388888888
8,8.0,291,291,25,266,1,0,0.0859106529209622,0.9615384615384616,0.15772870662460567,1.5075808085160447,0.13757745890873932,10.70012
12,2.0,291,291,94,197,87,0,0.3230240549828179,0.5193370165745856,0.39830508474576276,1.064986163079575,0.13646531510041424,13.360554166666667
12,2.5,291,291,84,207,50,0,0.28865979381443296,0.6268656716417911,0.3952941176470588,1.1150993261843818,0.1361152599364303,14.739420277777779
12,3.0,291,291,69,222,33,0,0.23711340206185566,0.6764705882352942,0.3511450381679389,1.064986163079575,0.1357732060174341,14.488065555555556
12,3.5,291,291,56,235,21,0,0.19243986254295534,0.7272727272727273,0.30434782608695654,1.3098530019999988,0.11763774818380804,15.006715833333335
12,4.0,291,291,46,245,9,0,0.15807560137457044,0.8363636363636363,0.2658959537572254,1.2619024328781874,0.11323778172938812,14.564396250000001
12,4.5,291,291,39,252,8,0,0.13402061855670103,0.8297872340425532,0.23076923076923078,1.2838575481033156,0.11353019168457605,17.644904722222222
12,5.0,291,291,34,257,4,0,0.11683848797250859,0.8947368421052632,0.2066869300911854,1.2838575481033156,0.11294537177420019,17.471867083333333
12,5.5,291,291,27,264,3,0,0.09278350515463918,0.9,0.16822429906542058,1.3577962097048821,0.10489454246251095,17.622691666666668
12,6.0,291,291,23,268,1,0,0.07903780068728522,0.9583333333333334,0.146031746031746,1.4016145917527825,0.10489454246251095,14.074877777777777
12,7.0,291,291,17,274,1,0,0.058419243986254296,0.9444444444444444,0.11003236245954692,1.7405451909954448,0.0968437131508217,13.991786666666666
12,8.0,291,291,14,277,0,0,0.048109965635738834,1.0,0.09180327868852459,1.778312846385119,0.09433885037453643,13.50383486111111
16,2.0,291,291,104,187,70,0,0.35738831615120276,0.5977011494252874,0.4473118279569893,0.6243436702979858,0.11789403304298754,18.711178055555557
16,2.5,291,291,89,202,44,0,0.30584192439862545,0.6691729323308271,0.419811320754717,0.6276214470236786,0.11290182297314619,19.426954444444444
16,3.0,291,291,75,216,27,0,0.25773195876288657,0.7352941176470589,0.38167938931297707,0.6499941720981743,0.08961545513530011,19.900282222222224
16,3.5,291,291,60,231,17,0,0.20618556701030927,0.7792207792207793,0.32608695652173914,0.7727110654857077,0.08680784628897228,20.621684583333334
16,4.0,291,291,43,248,10,0,0.14776632302405499,0.8113207547169812,0.25,0.8203604999612079,0.07106491648814049,20.17335138888889
16,4.5,291,291,38,253,1,0,0.13058419243986255,0.9743589743589743,0.2303030303030303,0.8763572095228603,0.07159332721758636,21.380375833333332
16,5.0,291,291,35,256,1,0,0.12027491408934708,0.9722222222222222,0.2140672782874618,0.8763572095228603,0.07159332721758636,23.863414166666665
16,5.5,291,291,25,266,1,0,0.0859106529209622,0.9615384615384616,0.15772870662460567,1.0516832022446692,0.07867217602383345,21.392920833333335
16,6.0,291,291,22,269,1,0,0.07560137457044673,0.9565217391304348,0.14012738853503184,1.0516832022446692,0.07867217602383345,21.370400694444445
16,7.0,291,291,17,274,1,0,0.058419243986254296,0.9444444444444444,0.11003236245954692,1.4526619283140012,0.07053650575869462,22.32514583333333
16,8.0,291,291,11,280,1,0,0.037800687285223365,0.9166666666666666,0.0726072607260726,1.4379146969883396,0.066851855144561,22.274701944444445
