variant,memory,kappa,h,scale_window,calibration recall,calibration precision,calibration f1,test recall,test precision,test f1
full,20,1.0,6.0,0,0.9382716049382716,0.7354838709677419,0.8245931283905966,0.9251207729468599,0.4342403628117914,0.5910493827160495
full,20,1.0,6.0,200,0.9547325102880658,0.6744186046511628,0.7904599659284497,0.9444444444444444,0.5370879120879121,0.6847635726795096
full,20,1.0,8.0,0,0.9259259259259259,0.7950530035335689,0.8555133079847909,0.9178743961352657,0.5337078651685393,0.6749555950266429
full,20,1.0,8.0,200,0.9423868312757202,0.7532894736842105,0.8372943327239488,0.927536231884058,0.5862595419847328,0.7184284377923292
full,20,1.0,12.0,0,0.9094650205761317,0.8125,0.8582524271844659,0.8985507246376812,0.589540412044374,0.7119617224880382
full,20,1.0,12.0,200,0.9053497942386831,0.8088235294117647,0.8543689320388349,0.9130434782608695,0.6585365853658537,0.7651821862348178
full,20,1.0,20.0,0,0.8189300411522634,0.8361344537815126,0.8274428274428275,0.8671497584541062,0.6309314586994728,0.7304170905391658
full,20,1.0,20.0,200,0.8559670781893004,0.8666666666666667,0.8612836438923395,0.8768115942028986,0.726,0.7943107221006565
full,20,1.0,30.0,0,0.7818930041152263,0.8636363636363636,0.8207343412526998,0.855072463768116,0.6847195357833655,0.7604726100966702
full,20,1.0,30.0,200,0.7613168724279835,0.893719806763285,0.8222222222222222,0.8478260869565217,0.8032036613272311,0.8249118683901293
full,20,2.0,6.0,0,0.9382716049382716,0.9344262295081968,0.9363449691991785,0.9710144927536232,0.7805825242718447,0.8654467168998923
full,20,2.0,6.0,200,0.9506172839506173,0.9390243902439024,0.9447852760736196,0.961352657004831,0.8396624472573839,0.8963963963963965
full,20,2.0,8.0,0,0.897119341563786,0.9276595744680851,0.9121338912133892,0.9685990338164251,0.7956349206349206,0.8736383442265795
full,20,2.0,8.0,200,0.9176954732510288,0.9409282700421941,0.9291666666666667,0.9516908212560387,0.8546637744034707,0.9005714285714286
full,20,2.0,12.0,0,0.8724279835390947,0.9506726457399103,0.9098712446351931,0.966183574879227,0.823045267489712,0.8888888888888888
full,20,2.0,12.0,200,0.8847736625514403,0.9513274336283186,0.9168443496801705,0.9371980676328503,0.8858447488584474,0.9107981220657276
full,20,2.0,20.0,0,0.8024691358024691,0.9798994974874372,0.8823529411764706,0.9082125603864735,0.8545454545454545,0.8805620608899297
full,20,2.0,20.0,200,0.7736625514403292,0.9791666666666666,0.864367816091954,0.9057971014492754,0.9305210918114144,0.9179926560587516
full,20,2.0,30.0,0,0.7283950617283951,0.9833333333333333,0.8368794326241135,0.8768115942028986,0.8875305623471883,0.8821385176184691
full,20,2.0,30.0,200,0.7160493827160493,0.9942857142857143,0.832535885167464,0.8671497584541062,0.9702702702702702,0.9158163265306122
full,20,3.0,6.0,0,0.8641975308641975,0.9417040358744395,0.9012875536480688,0.9541062801932367,0.8758314855875832,0.9132947976878614
full,20,3.0,6.0,200,0.8765432098765432,0.9383259911894273,0.9063829787234043,0.9420289855072463,0.9219858156028369,0.9318996415770608
full,20,3.0,8.0,0,0.8518518518518519,0.9452054794520548,0.8961038961038961,0.9468599033816425,0.8949771689497716,0.9201877934272301
full,20,3.0,8.0,200,0.8353909465020576,0.9441860465116279,0.8864628820960697,0.9371980676328503,0.9304556354916067,0.9338146811070999
full,20,3.0,12.0,0,0.7860082304526749,0.9896373056994818,0.8761467889908255,0.9251207729468599,0.916267942583732,0.9206730769230769
full,20,3.0,12.0,200,0.7736625514403292,0.9894736842105263,0.8683602771362586,0.9178743961352657,0.9523809523809523,0.9348093480934809
full,20,3.0,20.0,0,0.7242798353909465,0.9943502824858758,0.8380952380952382,0.8792270531400966,0.9454545454545454,0.9111389236545682
full,20,3.0,20.0,200,0.6995884773662552,0.9941520467836257,0.821256038647343,0.8671497584541062,0.9808743169398907,0.9205128205128205
full,20,3.0,30.0,0,0.5555555555555556,0.9782608695652174,0.7086614173228347,0.8140096618357487,0.9628571428571429,0.8821989528795812
full,20,3.0,30.0,200,0.551440329218107,1.0,0.7108753315649868,0.7367149758454107,0.993485342019544,0.8460471567267683
full,30,1.0,6.0,0,0.9465020576131687,0.6336088154269972,0.759075907590759,0.9396135265700483,0.4917825537294564,0.6456431535269709
full,30,1.0,6.0,200,0.9382716049382716,0.40425531914893614,0.5650557620817843,0.9323671497584541,0.4200217627856366,0.5791447861965492
full,30,1.0,8.0,0,0.934156378600823,0.696319018404908,0.797891036906854,0.9202898550724637,0.521203830369357,0.6655021834061136
full,30,1.0,8.0,200,0.9382716049382716,0.49673202614379086,0.6495726495726496,0.9323671497584541,0.4713064713064713,0.6261151662611517
full,30,1.0,12.0,0,0.9094650205761317,0.7620689655172413,0.8292682926829268,0.8913043478260869,0.5540540540540541,0.6833333333333333
full,30,1.0,12.0,200,0.9300411522633745,0.6058981233243967,0.7337662337662337,0.8864734299516909,0.5288184438040345,0.6624548736462094
full,30,1.0,20.0,0,0.8395061728395061,0.8292682926829268,0.8343558282208587,0.8743961352657005,0.6104553119730185,0.7189672293942403
full,30,1.0,20.0,200,0.8683127572016461,0.7377622377622378,0.7977315689981096,0.855072463768116,0.6332737030411449,0.7276464542651593
full,30,1.0,30.0,0,0.8106995884773662,0.8528138528138528,0.8312236286919831,0.8429951690821256,0.6415441176470589,0.7286012526096033
full,30,1.0,30.0,200,0.831275720164609,0.8632478632478633,0.8469601677148847,0.8454106280193237,0.7368421052631579,0.7874015748031497
full,30,2.0,6.0,0,0.9218106995884774,0.9333333333333333,0.927536231884058,0.966183574879227,0.7604562737642585,0.8510638297872339
full,30,2.0,6.0,200,0.9547325102880658,0.9169960474308301,0.9354838709677419,0.9685990338164251,0.8217213114754098,0.8891352549889134
full,30,2.0,8.0,0,0.9053497942386831,0.9322033898305084,0.918580375782881,0.9589371980676329,0.776908023483366,0.8583783783783784
full,30,2.0,8.0,200,0.934156378600823,0.926530612244898,0.9303278688524591,0.9516908212560387,0.8436830835117773,0.8944381384790011
full,30,2.0,12.0,0,0.8806584362139918,0.9511111111111111,0.9145299145299145,0.9492753623188406,0.8020408163265306,0.8694690265486726
full,30,2.0,12.0,200,0.9218106995884774,0.9411764705882353,0.9313929313929314,0.9468599033816425,0.8789237668161435,0.9116279069767441
full,30,2.0,20.0,0,0.8271604938271605,0.9804878048780488,0.8973214285714285,0.9057971014492754,0.8187772925764192,0.8600917431192661
full,30,2.0,20.0,200,0.8189300411522634,0.9707317073170731,0.8883928571428572,0.9082125603864735,0.9238329238329238,0.9159561510353227
full,30,2.0,30.0,0,0.7489711934156379,0.978494623655914,0.8484848484848485,0.8623188405797102,0.8302325581395349,0.8459715639810427
full,30,2.0,30.0,200,0.7654320987654321,0.9789473684210527,0.8591224018475752,0.8864734299516909,0.9557291666666666,0.9197994987468672
full,30,3.0,6.0,0,0.8559670781893004,0.9454545454545454,0.8984881209503239,0.9420289855072463,0.8533916849015317,0.8955223880597015
full,30,3.0,6.0,200,0.8806584362139918,0.9469026548672567,0.9125799573560767,0.9396135265700483,0.9218009478672986,0.930622009569378
full,30,3.0,8.0,0,0.8436213991769548,0.9447004608294931,0.8913043478260869,0.9371980676328503,0.8778280542986425,0.9065420560747663
full,30,3.0,8.0,200,0.8683127572016461,0.9461883408071748,0.9055793991416309,0.9371980676328503,0.9282296650717703,0.9326923076923078
full,30,3.0,12.0,0,0.7860082304526749,0.9845360824742269,0.8741418764302059,0.9130434782608695,0.8915094339622641,0.9021479713603818
full,30,3.0,12.0,200,0.8106995884773662,0.985,0.8893905191873588,0.9251207729468599,0.9598997493734336,0.9421894218942188
full,30,3.0,20.0,0,0.6995884773662552,0.9941520467836257,0.821256038647343,0.8792270531400966,0.9168765743073047,0.8976572133168927
full,30,3.0,20.0,200,0.7242798353909465,0.9943502824858758,0.8380952380952382,0.8719806763285024,0.9836512261580381,0.9244558258642765
full,30,3.0,30.0,0,0.5761316872427984,0.9859154929577465,0.7272727272727273,0.8285024154589372,0.9295392953929539,0.876117496807152
full,30,3.0,30.0,200,0.6131687242798354,1.0,0.7602040816326531,0.7391304347826086,0.9902912621359223,0.8464730290456431
no_drag,20,1.0,6.0,0,0.9176954732510288,0.825925925925926,0.8693957115009747,0.927536231884058,0.5862595419847328,0.7184284377923292
no_drag,20,1.0,6.0,200,0.9176954732510288,0.7483221476510067,0.8243992606284658,0.9396135265700483,0.7150735294117647,0.8121085594989562
no_drag,20,1.0,8.0,0,0.8724279835390947,0.8907563025210085,0.8814968814968815,0.9082125603864735,0.7430830039525692,0.817391304347826
no_drag,20,1.0,8.0,200,0.8930041152263375,0.8378378378378378,0.8645418326693226,0.927536231884058,0.768,0.8402625820568929
no_drag,20,1.0,12.0,0,0.7818930041152263,0.8878504672897196,0.8315098468271335,0.8599033816425121,0.7672413793103449,0.8109339407744875
no_drag,20,1.0,12.0,200,0.7695473251028807,0.8738317757009346,0.8183807439824945,0.8913043478260869,0.8181818181818182,0.853179190751445
no_drag,20,1.0,20.0,0,0.6131687242798354,0.9030303030303031,0.7303921568627451,0.7608695652173914,0.7664233576642335,0.7636363636363636
no_drag,20,1.0,20.0,200,0.6008230452674898,0.9012345679012346,0.7209876543209877,0.8140096618357487,0.8467336683417085,0.8300492610837438
no_drag,20,1.0,30.0,0,0.448559670781893,0.8861788617886179,0.5956284153005464,0.5966183574879227,0.7329376854599406,0.6577896138482024
no_drag,20,1.0,30.0,200,0.40329218106995884,0.8672566371681416,0.550561797752809,0.6376811594202898,0.8407643312101911,0.7252747252747253
no_drag,20,2.0,6.0,0,0.8189300411522634,0.9128440366972477,0.8633405639913233,0.9347826086956522,0.9042056074766355,0.9192399049881235
no_drag,20,2.0,6.0,200,0.8271604938271605,0.9262672811059908,0.8739130434782608,0.9420289855072463,0.9048723897911833,0.9230769230769231
no_drag,20,2.0,8.0,0,0.7613168724279835,0.9113300492610837,0.8295964125560539,0.9130434782608695,0.9086538461538461,0.9108433734939758
no_drag,20,2.0,8.0,200,0.7366255144032922,0.9132653061224489,0.8154897494305239,0.9154589371980676,0.9132530120481928,0.9143546441495777
no_drag,20,2.0,12.0,0,0.6748971193415638,0.9318181818181818,0.7828162291169452,0.8599033816425121,0.9151670951156813,0.8866749688667498
no_drag,20,2.0,12.0,200,0.6460905349794238,0.9181286549707602,0.7584541062801932,0.8671497584541062,0.922879177377892,0.8941469489414694
no_drag,20,2.0,20.0,0,0.4897119341563786,0.9444444444444444,0.6449864498644987,0.7294685990338164,0.934984520123839,0.819538670284939
no_drag,20,2.0,20.0,200,0.49794238683127573,0.9603174603174603,0.6558265582655827,0.7415458937198067,0.9475308641975309,0.8319783197831978
no_drag,20,2.0,30.0,0,0.345679012345679,0.9032258064516129,0.5,0.5652173913043478,0.9512195121951219,0.7090909090909091
no_drag,20,2.0,30.0,200,0.3333333333333333,0.9310344827586207,0.49090909090909085,0.4830917874396135,0.9389671361502347,0.6379585326953748
no_drag,20,3.0,6.0,0,0.720164609053498,0.9210526315789473,0.8083140877598153,0.8913043478260869,0.917910447761194,0.9044117647058824
no_drag,20,3.0,6.0,200,0.6790123456790124,0.9166666666666666,0.7801418439716312,0.8961352657004831,0.9228855721393034,0.9093137254901961
no_drag,20,3.0,8.0,0,0.6707818930041153,0.9314285714285714,0.7799043062200958,0.855072463768116,0.9194805194805195,0.8861076345431791
no_drag,20,3.0,8.0,200,0.6337448559670782,0.9166666666666666,0.7493917274939174,0.8623188405797102,0.9296875,0.8947368421052632
no_drag,20,3.0,12.0,0,0.5390946502057613,0.9703703703703703,0.6931216931216932,0.7729468599033816,0.9411764705882353,0.8488063660477453
no_drag,20,3.0,12.0,200,0.5432098765432098,0.9635036496350365,0.6947368421052632,0.7801932367149759,0.9444444444444444,0.8544973544973545
no_drag,20,3.0,20.0,0,0.37037037037037035,0.9473684210526315,0.5325443786982249,0.5966183574879227,0.9536679536679536,0.7340267459138186
no_drag,20,3.0,20.0,200,0.35802469135802467,0.9354838709677419,0.5178571428571428,0.5507246376811594,0.9539748953974896,0.6983154670750383
no_drag,20,3.0,30.0,0,0.1934156378600823,0.9038461538461539,0.3186440677966102,0.38405797101449274,0.9408284023668639,0.5454545454545454
no_drag,20,3.0,30.0,200,0.1646090534979424,0.9090909090909091,0.2787456445993031,0.27294685990338163,0.9912280701754386,0.428030303030303
no_drag,30,1.0,6.0,0,0.897119341563786,0.6987179487179487,0.7855855855855857,0.9178743961352657,0.6846846846846847,0.7843137254901961
no_drag,30,1.0,6.0,200,0.8930041152263375,0.4189189189189189,0.5703022339027595,0.9106280193236715,0.510148849797023,0.6539462272333044
no_drag,30,1.0,8.0,0,0.8683127572016461,0.7535714285714286,0.8068833652007648,0.9154589371980676,0.7302504816955684,0.812433011789925
no_drag,30,1.0,8.0,200,0.8765432098765432,0.5298507462686567,0.6604651162790698,0.9082125603864735,0.5875,0.713472485768501
no_drag,30,1.0,12.0,0,0.7818930041152263,0.8260869565217391,0.8033826638477802,0.8671497584541062,0.7432712215320911,0.8004459308807135
no_drag,30,1.0,12.0,200,0.8024691358024691,0.6210191082802548,0.7001795332136445,0.8816425120772947,0.6636363636363637,0.7572614107883817
no_drag,30,1.0,20.0,0,0.6419753086419753,0.8813559322033898,0.7428571428571428,0.7898550724637681,0.7551963048498845,0.7721369539551357
no_drag,30,1.0,20.0,200,0.654320987654321,0.7644230769230769,0.70509977827051,0.8285024154589372,0.7538461538461538,0.7894131185270425
no_drag,30,1.0,30.0,0,0.4691358024691358,0.8571428571428571,0.6063829787234043,0.6473429951690821,0.7549295774647887,0.6970091027308192
no_drag,30,1.0,30.0,200,0.4609053497942387,0.8057553956834532,0.5863874345549738,0.7198067632850241,0.8097826086956522,0.7621483375959079
no_drag,30,2.0,6.0,0,0.8189300411522634,0.9212962962962963,0.8671023965141612,0.9347826086956522,0.9042056074766355,0.9192399049881235
no_drag,30,2.0,6.0,200,0.8559670781893004,0.9162995594713657,0.8851063829787233,0.9492753623188406,0.9055299539170507,0.9268867924528302
no_drag,30,2.0,8.0,0,0.757201646090535,0.92,0.8306997742663658,0.9033816425120773,0.9121951219512195,0.9077669902912623
no_drag,30,2.0,8.0,200,0.7654320987654321,0.9073170731707317,0.8303571428571429,0.9299516908212561,0.9123222748815166,0.9210526315789473
no_drag,30,2.0,12.0,0,0.691358024691358,0.9333333333333333,0.7943262411347518,0.8671497584541062,0.922879177377892,0.8941469489414694
no_drag,30,2.0,12.0,200,0.6790123456790124,0.9217877094972067,0.7819905213270142,0.8985507246376812,0.9207920792079208,0.9095354523227385
no_drag,30,2.0,20.0,0,0.5102880658436214,0.9465648854961832,0.6631016042780749,0.7536231884057971,0.9397590361445783,0.836461126005362
no_drag,30,2.0,20.0,200,0.5349794238683128,0.935251798561151,0.6806282722513088,0.7898550724637681,0.9423631123919308,0.859395532194481
no_drag,30,2.0,30.0,0,0.3662551440329218,0.89,0.5189504373177842,0.6280193236714976,0.9523809523809523,0.7569141193595342
no_drag,30,2.0,30.0,200,0.3292181069958848,0.9195402298850575,0.48484848484848486,0.6086956521739131,0.9333333333333333,0.7368421052631579
no_drag,30,3.0,6.0,0,0.7119341563786008,0.9301075268817204,0.8065268065268065,0.8840579710144928,0.9312977099236641,0.9070631970260224
no_drag,30,3.0,6.0,200,0.6790123456790124,0.9217877094972067,0.7819905213270142,0.9009661835748792,0.9255583126550868,0.9130966952264382
no_drag,30,3.0,8.0,0,0.654320987654321,0.9298245614035088,0.7681159420289856,0.855072463768116,0.9315789473684211,0.8916876574307304
no_drag,30,3.0,8.0,200,0.6584362139917695,0.9248554913294798,0.7692307692307692,0.8816425120772947,0.9287531806615776,0.9045848822800496
no_drag,30,3.0,12.0,0,0.5555555555555556,0.9642857142857143,0.7049608355091384,0.782608695652174,0.9473684210526315,0.8571428571428571
no_drag,30,3.0,12.0,200,0.5679012345679012,0.965034965034965,0.7150259067357513,0.8381642512077294,0.9480874316939891,0.8897435897435897
no_drag,30,3.0,20.0,0,0.3786008230452675,0.9583333333333334,0.5427728613569321,0.6376811594202898,0.96,0.7663280116110305
no_drag,30,3.0,20.0,200,0.3662551440329218,0.967391304347826,0.5313432835820895,0.642512077294686,0.95,0.7665706051873199
no_drag,30,3.0,30.0,0,0.23868312757201646,0.9354838709677419,0.38032786885245906,0.4782608695652174,0.9753694581280788,0.6418152350081038
no_drag,30,3.0,30.0,200,0.20164609053497942,0.9245283018867925,0.33108108108108103,0.2995169082125604,0.9841269841269841,0.45925925925925926
