memory,kappa,h,scale_window,manoeuvres,observable,tp,fn,fp,duplicates,recall,precision,f1,dv_abs_err_median_mm_s,dv_rel_err_median,delay_median_h
12,1.0,8.0,0,243,243,221,22,36,4,0.9094650205761317,0.8599221789883269,0.884,0.4067947449206957,0.12893175219257105,3.2857716666666668
12,1.0,8.0,200,243,243,226,17,29,5,0.9300411522633745,0.8862745098039215,0.9076305220883534,0.4067947449206957,0.13033913120993312,3.286283888888889
12,1.0,12.0,0,243,243,207,36,35,4,0.8518518518518519,0.8553719008264463,0.8536082474226805,0.4214187980419432,0.11840714308461872,4.9181
12,1.0,12.0,200,243,243,208,35,31,5,0.8559670781893004,0.8702928870292888,0.8630705394190871,0.4203518987847296,0.12859449711640758,4.895974305555556
12,1.0,20.0,0,243,243,168,75,36,4,0.691358024691358,0.8235294117647058,0.7516778523489933,0.4224856972991568,0.1013112718887515,8.18081625
12,1.0,20.0,200,243,243,166,77,28,5,0.6831275720164609,0.8556701030927835,0.7597254004576659,0.4203518987847296,0.10084605454092588,8.182876944444445
12,1.5,8.0,0,243,243,218,25,14,5,0.897119341563786,0.9396551724137931,0.9178947368421052,0.40404704060540203,0.11319802377555688,3.297463333333333
12,1.5,8.0,200,243,243,215,28,17,5,0.8847736625514403,0.9267241379310345,0.9052631578947368,0.4058603054695419,0.11516970424031306,3.3065011111111113
12,1.5,12.0,0,243,243,204,39,14,5,0.8395061728395061,0.9357798165137615,0.8850325379609545,0.40404704060540203,0.10208633769143227,4.950837638888888
12,1.5,12.0,200,243,243,197,46,19,5,0.8106995884773662,0.9120370370370371,0.8583877995642702,0.40404704060540203,0.10759925860260988,4.950945555555555
12,1.5,20.0,0,243,243,165,78,20,5,0.6790123456790124,0.8918918918918919,0.7710280373831775,0.4058603054695419,0.09426048755416826,8.252118055555556
12,1.5,20.0,200,243,243,153,90,23,4,0.6296296296296297,0.8693181818181818,0.730310262529833,0.4037721780648386,0.09228565477569234,8.242612222222222
12,2.0,8.0,0,243,243,210,33,13,5,0.8641975308641975,0.9417040358744395,0.9012875536480688,0.4049258660183881,0.1013112718887515,4.823897222222222
12,2.0,8.0,200,243,243,207,36,14,5,0.8518518518518519,0.9366515837104072,0.8922413793103449,0.4058603054695419,0.10759925860260988,4.834931666666667
12,2.0,12.0,0,243,243,188,55,15,5,0.7736625514403292,0.9261083743842364,0.8430493273542601,0.42547851143136683,0.10027040610978027,6.4925677777777775
12,2.0,12.0,200,243,243,182,61,12,5,0.7489711934156379,0.9381443298969072,0.8329519450800915,0.4067947449206957,0.094555096716197,6.487601805555555
12,2.0,20.0,0,243,243,141,102,14,2,0.5802469135802469,0.9096774193548387,0.7085427135678392,0.4058603054695419,0.08372926050839052,9.828108055555555
12,2.0,20.0,200,243,243,141,102,17,1,0.5802469135802469,0.8924050632911392,0.7032418952618454,0.3911926358995954,0.08372926050839052,9.830626388888888
12,3.0,8.0,0,243,243,184,59,12,5,0.757201646090535,0.9387755102040817,0.8382687927107062,0.4306051240780041,0.09396587839213952,4.929268472222223
12,3.0,8.0,200,243,243,175,68,12,5,0.720164609053498,0.9358288770053476,0.813953488372093,0.4224856972991568,0.09286870034977546,4.921171666666667
12,3.0,12.0,0,243,243,144,99,18,5,0.5925925925925926,0.8888888888888888,0.711111111111111,0.41357332185271267,0.08753922994640455,8.181049444444444
12,3.0,12.0,200,243,243,139,104,20,5,0.5720164609053497,0.8742138364779874,0.691542288557214,0.40074961120898156,0.08580884012358407,8.180885833333333
12,3.0,20.0,0,243,243,99,144,1,1,0.4074074074074074,0.99,0.5772594752186588,0.43523153918633,0.06839965634399764,11.537577500000001
12,3.0,20.0,200,243,243,90,153,1,0,0.37037037037037035,0.989010989010989,0.5389221556886228,0.439117378506642,0.0671030319884707,11.527749166666666
20,1.0,8.0,0,243,243,227,16,55,4,0.934156378600823,0.8049645390070922,0.8647619047619047,0.40404704060540203,0.13119775749211965,3.2446355555555555
20,1.0,8.0,200,243,243,230,13,71,6,0.9465020576131687,0.7641196013289037,0.8455882352941178,0.4170714868414619,0.1375285952250673,3.237458472222222
20,1.0,12.0,0,243,243,222,21,47,4,0.9135802469135802,0.8252788104089219,0.8671875000000001,0.40316821519241597,0.13077802486109796,4.8846806944444445
20,1.0,12.0,200,243,243,222,21,44,5,0.9135802469135802,0.8345864661654135,0.8722986247544204,0.4203518987847296,0.13033913120993312,4.881290416666667
20,1.0,20.0,0,243,243,207,36,36,4,0.8518518518518519,0.8518518518518519,0.8518518518518519,0.4067947449206957,0.12859449711640758,8.1453275
20,1.0,20.0,200,243,243,210,33,30,5,0.8641975308641975,0.875,0.8695652173913043,0.4049258660183881,0.11866819269229151,8.170551388888889
20,1.5,8.0,0,243,243,227,16,28,5,0.934156378600823,0.8901960784313725,0.9116465863453815,0.40074961120898156,0.13033913120993312,3.2857716666666668
20,1.5,8.0,200,243,243,226,17,30,5,0.9300411522633745,0.8828125,0.905811623246493,0.40316821519241597,0.12859449711640758,3.2809536111111113
20,1.5,12.0,0,243,243,217,26,26,5,0.8930041152263375,0.8930041152263375,0.8930041152263375,0.4049258660183881,0.12893175219257105,4.93021611111111
20,1.5,12.0,200,243,243,221,22,27,5,0.9094650205761317,0.8911290322580645,0.90020366598778,0.4049258660183881,0.12893175219257105,4.940852777777778
20,1.5,20.0,0,243,243,206,37,15,5,0.8477366255144033,0.9321266968325792,0.8879310344827586,0.4058603054695419,0.11516970424031306,8.1956
20,1.5,20.0,200,243,243,199,44,17,3,0.8189300411522634,0.9212962962962963,0.8671023965141612,0.40316821519241597,0.1162804746406191,8.180885833333333
20,2.0,8.0,0,243,243,218,25,20,5,0.897119341563786,0.9159663865546218,0.9064449064449065,0.4203518987847296,0.1162804746406191,4.782141944444444
20,2.0,8.0,200,243,243,224,19,15,5,0.9218106995884774,0.9372384937238494,0.9294605809128631,0.4067947449206957,0.11866819269229151,4.760253333333333
20,2.0,12.0,0,243,243,214,29,14,5,0.8806584362139918,0.9385964912280702,0.9087048832271762,0.4214187980419432,0.11516970424031306,6.466465416666667
20,2.0,12.0,200,243,243,217,26,12,5,0.8930041152263375,0.9475982532751092,0.9194915254237287,0.4067947449206957,0.1162804746406191,6.4465369444444445
20,2.0,20.0,0,243,243,197,46,9,3,0.8106995884773662,0.9563106796116505,0.8775055679287305,0.42654541068858043,0.10759925860260988,9.794293333333332
20,2.0,20.0,200,243,243,192,51,5,1,0.7901234567901234,0.9746192893401016,0.8727272727272728,0.4203518987847296,0.1013112718887515,9.77022375
20,3.0,8.0,0,243,243,205,38,13,5,0.8436213991769548,0.9403669724770642,0.8893709327548807,0.4214187980419432,0.11516970424031306,4.890683055555555
20,3.0,8.0,200,243,243,204,39,13,5,0.8395061728395061,0.9400921658986175,0.8869565217391303,0.4203518987847296,0.10286140349411303,4.889382777777778
20,3.0,12.0,0,243,243,193,50,3,5,0.7942386831275721,0.9846938775510204,0.8792710706150342,0.42654541068858043,0.10208633769143227,8.126598333333334
20,3.0,12.0,200,243,243,191,52,2,3,0.7860082304526749,0.9896373056994818,0.8761467889908255,0.4203518987847296,0.10084605454092588,8.124960277777777
20,3.0,20.0,0,243,243,157,86,22,1,0.6460905349794238,0.8770949720670391,0.7440758293838862,0.4067947449206957,0.094555096716197,11.537577500000001
20,3.0,20.0,200,243,243,156,87,16,0,0.6419753086419753,0.9069767441860465,0.7518072289156627,0.40074961120898156,0.09286870034977546,11.52418013888889
30,1.0,8.0,0,243,243,228,15,100,5,0.9382716049382716,0.6951219512195121,0.7985989492119089,0.40195891320069876,0.13254518822047234,3.2884695833333333
30,1.0,8.0,200,243,243,227,16,230,5,0.934156378600823,0.49671772428884026,0.6485714285714286,0.4049258660183881,0.13347288631780338,3.2313247222222223
30,1.0,12.0,0,243,243,221,22,70,5,0.9094650205761317,0.7594501718213058,0.8277153558052434,0.39945798015004685,0.13055857803551554,4.934018333333333
30,1.0,12.0,200,243,243,223,20,145,5,0.9176954732510288,0.6059782608695652,0.729950900163666,0.4058603054695419,0.13119775749211965,4.88908
30,1.0,20.0,0,243,243,206,37,44,5,0.8477366255144033,0.824,0.8356997971602435,0.40316821519241597,0.11866819269229151,8.181049444444444
30,1.0,20.0,200,243,243,216,27,66,5,0.8888888888888888,0.7659574468085106,0.8228571428571428,0.4049258660183881,0.12893175219257105,8.175975277777777
30,1.5,8.0,0,243,243,229,14,29,5,0.9423868312757202,0.8875968992248062,0.9141716566866268,0.39945798015004685,0.13055857803551554,3.3097241666666664
30,1.5,8.0,200,243,243,230,13,46,5,0.9465020576131687,0.8333333333333334,0.8863198458574181,0.40316821519241597,0.13033913120993312,3.292715
30,1.5,12.0,0,243,243,217,26,27,5,0.8930041152263375,0.889344262295082,0.891170431211499,0.4049258660183881,0.11866819269229151,4.957021944444444
30,1.5,12.0,200,243,243,224,19,36,5,0.9218106995884774,0.8615384615384616,0.8906560636182903,0.4049258660183881,0.12893175219257105,4.950306805555556
30,1.5,20.0,0,243,243,209,34,15,5,0.8600823045267489,0.9330357142857143,0.8950749464668093,0.4067947449206957,0.1162804746406191,8.247763055555556
30,1.5,20.0,200,243,243,213,30,17,3,0.8765432098765432,0.9260869565217391,0.9006342494714588,0.40195891320069876,0.1287631246544893,8.221882777777777
30,2.0,8.0,0,243,243,218,25,16,5,0.897119341563786,0.9316239316239316,0.9140461215932915,0.41357332185271267,0.1174743336664553,4.802198194444445
30,2.0,8.0,200,243,243,226,17,21,5,0.9300411522633745,0.9149797570850202,0.9224489795918367,0.4067947449206957,0.12893175219257105,4.760253333333333
30,2.0,12.0,0,243,243,215,28,13,5,0.8847736625514403,0.9429824561403509,0.9129511677282377,0.4224856972991568,0.1162804746406191,6.505404444444444
30,2.0,12.0,200,243,243,223,20,14,5,0.9176954732510288,0.9409282700421941,0.9291666666666667,0.4058603054695419,0.12363134490434954,6.449526111111112
30,2.0,20.0,0,243,243,203,40,6,3,0.8353909465020576,0.9712918660287081,0.8982300884955753,0.4224856972991568,0.11233711371110673,9.830626388888888
30,2.0,20.0,200,243,243,204,39,6,1,0.8395061728395061,0.9714285714285714,0.9006622516556292,0.4058603054695419,0.11516970424031306,9.81210263888889
30,3.0,8.0,0,243,243,204,39,13,5,0.8395061728395061,0.9400921658986175,0.8869565217391303,0.4306051240780041,0.11233711371110673,4.949201111111111
30,3.0,8.0,200,243,243,211,32,13,5,0.8683127572016461,0.9419642857142857,0.9036402569593148,0.4203518987847296,0.1162804746406191,4.908106388888889
30,3.0,12.0,0,243,243,197,46,4,5,0.8106995884773662,0.9800995024875622,0.8873873873873874,0.4307803148011294,0.10759925860260988,8.183404166666667
30,3.0,12.0,200,243,243,199,44,3,3,0.8189300411522634,0.9851485148514851,0.8943820224719102,0.4049814800565558,0.10759925860260988,8.126598333333334
30,3.0,20.0,0,243,243,165,78,8,1,0.6790123456790124,0.953757225433526,0.7932692307692308,0.4307803148011294,0.09426048755416826,11.543784722222222
30,3.0,20.0,200,243,243,172,71,6,0,0.7078189300411523,0.9662921348314607,0.8171021377672208,0.4214187980419432,0.10107866321483869,11.531145555555556
