window_revs,threshold,normalisation,floor_m,tp,fn,fp,recall,precision,f1
6,3.0,window,0.0,57,13,6,0.8142857142857143,0.9047619047619048,0.8571428571428571
6,4.0,window,0.0,49,21,4,0.7,0.9245283018867925,0.7967479674796748
6,5.0,window,0.0,39,31,1,0.5571428571428572,0.975,0.7090909090909091
6,6.0,window,0.0,31,39,0,0.44285714285714284,1.0,0.6138613861386139
6,8.0,window,0.0,21,49,0,0.3,1.0,0.46153846153846156
12,3.0,window,0.0,67,2,46,0.9710144927536232,0.5929203539823009,0.7362637362637363
12,4.0,window,0.0,66,3,24,0.9565217391304348,0.7333333333333333,0.8301886792452831
12,5.0,window,0.0,65,4,5,0.9420289855072463,0.9285714285714286,0.935251798561151
12,6.0,window,0.0,64,5,2,0.927536231884058,0.9696969696969697,0.9481481481481482
12,8.0,window,0.0,64,5,2,0.927536231884058,0.9696969696969697,0.9481481481481482
24,3.0,window,0.0,54,14,2,0.7941176470588235,0.9642857142857143,0.8709677419354839
24,4.0,window,0.0,49,19,2,0.7205882352941176,0.9607843137254902,0.8235294117647058
24,5.0,window,0.0,47,21,1,0.6911764705882353,0.9791666666666666,0.8103448275862069
24,6.0,window,0.0,43,25,1,0.6323529411764706,0.9772727272727273,0.7678571428571429
24,8.0,window,0.0,35,33,0,0.5147058823529411,1.0,0.6796116504854369
6,3.0,diff,0.0,60,10,57,0.8571428571428571,0.5128205128205128,0.6417112299465241
6,3.0,diff,0.1,60,10,57,0.8571428571428571,0.5128205128205128,0.6417112299465241
6,3.0,diff,0.3,63,7,128,0.9,0.3298429319371728,0.4827586206896552
6,3.0,diff,1.0,50,20,4,0.7142857142857143,0.9259259259259259,0.8064516129032258
6,4.0,diff,0.0,63,7,407,0.9,0.13404255319148936,0.23333333333333334
6,4.0,diff,0.1,63,7,407,0.9,0.13404255319148936,0.23333333333333334
6,4.0,diff,0.3,63,7,20,0.9,0.7590361445783133,0.8235294117647058
6,4.0,diff,1.0,44,26,2,0.6285714285714286,0.9565217391304348,0.7586206896551724
6,5.0,diff,0.0,63,7,106,0.9,0.3727810650887574,0.5271966527196653
6,5.0,diff,0.1,63,7,106,0.9,0.3727810650887574,0.5271966527196653
6,5.0,diff,0.3,62,8,8,0.8857142857142857,0.8857142857142857,0.8857142857142857
6,5.0,diff,1.0,34,36,0,0.4857142857142857,1.0,0.6538461538461539
6,6.0,diff,0.0,63,7,22,0.9,0.7411764705882353,0.8129032258064516
6,6.0,diff,0.1,63,7,22,0.9,0.7411764705882353,0.8129032258064516
6,6.0,diff,0.3,61,9,6,0.8714285714285714,0.9104477611940298,0.8905109489051095
6,6.0,diff,1.0,23,47,0,0.32857142857142857,1.0,0.4946236559139785
6,8.0,diff,0.0,63,7,9,0.9,0.875,0.8873239436619719
6,8.0,diff,0.1,63,7,9,0.9,0.875,0.8873239436619719
6,8.0,diff,0.3,56,14,4,0.8,0.9333333333333333,0.8615384615384616
6,8.0,diff,1.0,15,55,0,0.21428571428571427,1.0,0.35294117647058826
12,3.0,diff,0.0,65,4,8,0.9420289855072463,0.8904109589041096,0.9154929577464789
12,3.0,diff,0.1,65,4,8,0.9420289855072463,0.8904109589041096,0.9154929577464789
12,3.0,diff,0.3,65,4,6,0.9420289855072463,0.9154929577464789,0.9285714285714286
12,3.0,diff,1.0,48,21,0,0.6956521739130435,1.0,0.8205128205128205
12,4.0,diff,0.0,64,5,4,0.927536231884058,0.9411764705882353,0.9343065693430657
12,4.0,diff,0.1,64,5,4,0.927536231884058,0.9411764705882353,0.9343065693430657
12,4.0,diff,0.3,64,5,2,0.927536231884058,0.9696969696969697,0.9481481481481482
12,4.0,diff,1.0,37,32,0,0.5362318840579711,1.0,0.6981132075471698
12,5.0,diff,0.0,63,6,3,0.9130434782608695,0.9545454545454546,0.9333333333333333
12,5.0,diff,0.1,63,6,3,0.9130434782608695,0.9545454545454546,0.9333333333333333
12,5.0,diff,0.3,62,7,2,0.8985507246376812,0.96875,0.9323308270676691
12,5.0,diff,1.0,28,41,0,0.4057971014492754,1.0,0.5773195876288659
12,6.0,diff,0.0,61,8,1,0.8840579710144928,0.9838709677419355,0.9312977099236641
12,6.0,diff,0.1,61,8,1,0.8840579710144928,0.9838709677419355,0.9312977099236641
12,6.0,diff,0.3,59,10,1,0.855072463768116,0.9833333333333333,0.9147286821705426
12,6.0,diff,1.0,22,47,0,0.3188405797101449,1.0,0.4835164835164835
12,8.0,diff,0.0,54,15,0,0.782608695652174,1.0,0.8780487804878049
12,8.0,diff,0.1,54,15,0,0.782608695652174,1.0,0.8780487804878049
12,8.0,diff,0.3,53,16,0,0.7681159420289855,1.0,0.8688524590163934
12,8.0,diff,1.0,13,56,0,0.18840579710144928,1.0,0.3170731707317073
24,3.0,diff,0.0,52,16,2,0.7647058823529411,0.9629629629629629,0.8524590163934426
24,3.0,diff,0.1,52,16,2,0.7647058823529411,0.9629629629629629,0.8524590163934426
24,3.0,diff,0.3,52,16,2,0.7647058823529411,0.9629629629629629,0.8524590163934426
24,3.0,diff,1.0,44,24,0,0.6470588235294118,1.0,0.7857142857142857
24,4.0,diff,0.0,49,19,1,0.7205882352941176,0.98,0.8305084745762712
24,4.0,diff,0.1,49,19,1,0.7205882352941176,0.98,0.8305084745762712
24,4.0,diff,0.3,49,19,1,0.7205882352941176,0.98,0.8305084745762712
24,4.0,diff,1.0,33,35,0,0.4852941176470588,1.0,0.6534653465346535
24,5.0,diff,0.0,42,26,1,0.6176470588235294,0.9767441860465116,0.7567567567567568
24,5.0,diff,0.1,42,26,1,0.6176470588235294,0.9767441860465116,0.7567567567567568
24,5.0,diff,0.3,42,26,1,0.6176470588235294,0.9767441860465116,0.7567567567567568
24,5.0,diff,1.0,26,42,0,0.38235294117647056,1.0,0.5531914893617021
24,6.0,diff,0.0,36,32,1,0.5294117647058824,0.972972972972973,0.6857142857142857
24,6.0,diff,0.1,36,32,1,0.5294117647058824,0.972972972972973,0.6857142857142857
24,6.0,diff,0.3,36,32,1,0.5294117647058824,0.972972972972973,0.6857142857142857
24,6.0,diff,1.0,19,49,0,0.27941176470588236,1.0,0.4367816091954023
24,8.0,diff,0.0,30,38,1,0.4411764705882353,0.967741935483871,0.6060606060606061
24,8.0,diff,0.1,30,38,1,0.4411764705882353,0.967741935483871,0.6060606060606061
24,8.0,diff,0.3,30,38,1,0.4411764705882353,0.967741935483871,0.6060606060606061
24,8.0,diff,1.0,13,55,0,0.19117647058823528,1.0,0.32098765432098764
